<?xml version="1.0" encoding="UTF-8"?>
<pluginInfo>
  <author>
    <name>UrbanCode</name>
    <email></email>
    <website>http://urbancode.com</website>
  </author>
  <licenses>
    <license></license>
  </licenses>
  <integrationType>Automation</integrationType>
  <categories>
    <category>windows</category>
	<category>linux</category>
	<category>unix</category>
	<category>utility</category>
  </categories>
  <versions>
    <version name="1">
	  <releaseNote>
	   The FileUtils plugin is an automation based plugin. It can be used during the deployment process to modify files and folders on the target.
	  </releaseNote>
    </version>
  </versions>
</pluginInfo>