<?xml version="1.0" encoding="UTF-8"?>
<plugin-upgrade
        xmlns="http://www.urbancode.com/UpgradeXMLSchema_v1"
        xmlns:xsi="http://www.w3.org/2001/XMLSchema-instance">

  <migrate to-version="2">
    <migrate-command name="Build Tibco Enterprise Archive (.ear)">
    </migrate-command>
    <migrate-command name="Build Multiple Tibco Enterprise Archives">
    </migrate-command>
    <migrate-command name="Deploy Tibco Enterprise Archive (.ear)">
    </migrate-command>
    <migrate-command name="Deploy Multiple Tibco Enterprise Archives">
    </migrate-command>
  </migrate>

  <migrate to-version="3">
    <migrate-command name="Build Tibco Enterprise Archive (.ear)">
    </migrate-command>
    <migrate-command name="Build Multiple Tibco Enterprise Archives">
    </migrate-command>
    <migrate-command name="Deploy Tibco Enterprise Archive (.ear)">
    </migrate-command>
    <migrate-command name="Deploy Multiple Tibco Enterprise Archives">
    </migrate-command>
    <migrate-command name="Create or update EMS Queues">
    </migrate-command>
  </migrate>

  <migrate to-version="4">
  </migrate>

  <migrate to-version="5">
    <migrate-command name="Build Tibco Enterprise Archive (.ear)">
        <migrate-properties>
                <migrate-property name="archive" default=""/>
        </migrate-properties>
    </migrate-command>
  </migrate>
</plugin-upgrade>
