<?xml version="1.0" encoding="UTF-8"?>
<plugin-upgrade
        xmlns="http://www.urbancode.com/UpgradeXMLSchema_v1"
        xmlns:xsi="http://www.w3.org/2001/XMLSchema-instance">

  <migrate to-version="9">

    <migrate-command name="Install Application">
       <migrate-properties>
         <migrate-property name="context" default="/"/>
       </migrate-properties>
    </migrate-command>

    <migrate-command name="Install Or Update Application">
       <migrate-properties>
         <migrate-property name="context" default="/"/>
       </migrate-properties>
    </migrate-command>

  </migrate>
 
  <migrate to-version="10">
    <migrate-command name="Check Application is running on server or cluster" old="Check Application is running on server/cluster" />
    <migrate-command name="Wait for server or cluster" old="Wait for server server/cluster" />
    <migrate-command name="Install Application" />
    <migrate-command name="Install Or Update Application" />
    <migrate-command name="Export Application" />
    <migrate-command name="Update Application" />
    <migrate-command name="Uninstall Application" />
    <migrate-command name="Start Application" />
    <migrate-command name="Stop Application" />
    <migrate-command name="Restart Application" />
    <migrate-command name="Start Server" />
    <migrate-command name="Stop Server" />
    <migrate-command name="Restart Server" />
    <migrate-command name="Wait for Application" />
    <migrate-command name="Execute wsadmin Script" />
    <migrate-command name="Check Status" />
    <migrate-command name="Check Application is not running" />
    <migrate-command name="Generate Plugin" />
    <migrate-command name="Synchronize nodes" />
    <migrate-command name="Modify Application ClassLoaders" />
  </migrate>

  <migrate to-version="11">
    <migrate-command name="Check Application is running on server or cluster" old="Check Application is running on server/cluster" />
    <migrate-command name="Wait for server or cluster" old="Wait for server server/cluster" />
    <migrate-command name="Install Application" />
    <migrate-command name="Install Or Update Application" />
    <migrate-command name="Export Application" />
    <migrate-command name="Update Application" />
    <migrate-command name="Uninstall Application" />
    <migrate-command name="Start Application" />
    <migrate-command name="Stop Application" />
    <migrate-command name="Restart Application" />
    <migrate-command name="Start Server" />
    <migrate-command name="Stop Server" />
    <migrate-command name="Restart Server" />
    <migrate-command name="Wait for Application" />
    <migrate-command name="Execute wsadmin Script" />
    <migrate-command name="Check Status" />
    <migrate-command name="Check Application is not running" />
    <migrate-command name="Generate Plugin" />
    <migrate-command name="Synchronize nodes" />
    <migrate-command name="Modify Application ClassLoaders" />
  </migrate>

  <migrate to-version="12">
    <migrate-command name="Check Application is running on server or cluster" old="Check Application is running on server/cluster" />
    <migrate-command name="Wait for server or cluster" old="Wait for server server/cluster" />
    <migrate-command name="Install Application" />
    <migrate-command name="Install Or Update Application" />
    <migrate-command name="Export Application" />
    <migrate-command name="Update Application" />
    <migrate-command name="Uninstall Application" />
    <migrate-command name="Start Application" />
    <migrate-command name="Stop Application" />
    <migrate-command name="Restart Application" />
    <migrate-command name="Start Server" />
    <migrate-command name="Stop Server" />
    <migrate-command name="Restart Server" />
    <migrate-command name="Wait for Application" />
    <migrate-command name="Execute wsadmin Script" />
    <migrate-command name="Check Status" />
    <migrate-command name="Check Application is not running" />
    <migrate-command name="Generate Plugin" />
    <migrate-command name="Synchronize nodes" />
    <migrate-command name="Modify Application ClassLoaders" />
    <migrate-command name="Create Cluster"/>
    <migrate-command name="Create Cluster Member"/>
  </migrate>

  <migrate to-version="13">
    <migrate-command name="Check Application is running on server or cluster" old="Check Application is running on server/cluster" />
    <migrate-command name="Wait for server or cluster" old="Wait for server server/cluster" />
    <migrate-command name="Install Application" />
    <migrate-command name="Install Or Update Application" />
    <migrate-command name="Export Application" />
    <migrate-command name="Update Application" />
    <migrate-command name="Uninstall Application" />
    <migrate-command name="Start Application" />
    <migrate-command name="Stop Application" />
    <migrate-command name="Restart Application" />
    <migrate-command name="Start Server" />
    <migrate-command name="Stop Server" />
    <migrate-command name="Restart Server" />
    <migrate-command name="Wait for Application" />
    <migrate-command name="Execute wsadmin Script" />
    <migrate-command name="Check Status" />
    <migrate-command name="Check Application is not running" />
    <migrate-command name="Generate Plugin" />
    <migrate-command name="Synchronize nodes" />
    <migrate-command name="Modify Application ClassLoaders" />
    <migrate-command name="Create Cluster"/>
    <migrate-command name="Create Cluster Member"/>
    <migrate-command name="Check Maximum Heap Size"/>
    <migrate-command name="Check Initial Heap Size"/>
  </migrate>

  <migrate to-version="14">
    <migrate-command name="Check Application is running on server or cluster" old="Check Application is running on server/cluster" />
    <migrate-command name="Wait for server or cluster" old="Wait for server server/cluster" />
    <migrate-command name="Install Application" />
    <migrate-command name="Install Or Update Application" />
    <migrate-command name="Export Application" />
    <migrate-command name="Update Application" />
    <migrate-command name="Uninstall Application" />
    <migrate-command name="Start Application" />
    <migrate-command name="Stop Application" />
    <migrate-command name="Restart Application" />
    <migrate-command name="Start Server" />
    <migrate-command name="Stop Server" />
    <migrate-command name="Restart Server" />
    <migrate-command name="Wait for Application" />
    <migrate-command name="Execute wsadmin Script" />
    <migrate-command name="Check Status" />
    <migrate-command name="Check Application is not running" />
    <migrate-command name="Generate Plugin" />
    <migrate-command name="Synchronize nodes" />
    <migrate-command name="Modify Application ClassLoaders" />
    <migrate-command name="Create Cluster"/>
    <migrate-command name="Create Cluster Member"/>
    <migrate-command name="Check Maximum Heap Size"/>
    <migrate-command name="Export JVMHeapSizes from Server"/>
    <migrate-command name="Import JVMHeapSizes for Cluster"/>
  </migrate>

  <migrate to-version="15">
    <migrate-command name="Check Application is running on server or cluster" old="Check Application is running on server/cluster" />
    <migrate-command name="Wait for server or cluster" old="Wait for server server/cluster" />
    <migrate-command name="Install Application" />
    <migrate-command name="Install Or Update Application" />
    <migrate-command name="Export Application" />
    <migrate-command name="Update Application" />
    <migrate-command name="Uninstall Application" />
    <migrate-command name="Start Application" />
    <migrate-command name="Stop Application" />
    <migrate-command name="Restart Application" />
    <migrate-command name="Start Server" />
    <migrate-command name="Stop Server" />
    <migrate-command name="Restart Server" />
    <migrate-command name="Wait for Application" />
    <migrate-command name="Execute wsadmin Script" />
    <migrate-command name="Check Status" />
    <migrate-command name="Check Application is not running" />
    <migrate-command name="Generate Plugin" />
    <migrate-command name="Synchronize nodes" />
    <migrate-command name="Modify Application ClassLoaders" />
    <migrate-command name="Create Cluster"/>
    <migrate-command name="Create Cluster Member"/>
    <migrate-command name="Check Maximum Heap Size"/>
    <migrate-command name="Export JVMHeapSizes from Server"/>
    <migrate-command name="Import JVMHeapSizes for Cluster"/>
    <migrate-command name="Import DataSource Properties into Cluster"/>
    <migrate-command name="Export DataSource Properties from Cluster"/>
  </migrate>

  <migrate to-version="16">
    <migrate-command name="Check Application is running on server or cluster" old="Check Application is running on server/cluster" />
    <migrate-command name="Wait for server or cluster" old="Wait for server server/cluster" />
    <migrate-command name="Install Application" />
    <migrate-command name="Install Or Update Application" />
    <migrate-command name="Export Application" />
    <migrate-command name="Update Application" />
    <migrate-command name="Uninstall Application" />
    <migrate-command name="Start Application" />
    <migrate-command name="Stop Application" />
    <migrate-command name="Restart Application" />
    <migrate-command name="Start Server" />
    <migrate-command name="Stop Server" />
    <migrate-command name="Restart Server" />
    <migrate-command name="Wait for Application" />
    <migrate-command name="Execute wsadmin Script" />
    <migrate-command name="Check Status" />
    <migrate-command name="Check Application is not running" />
    <migrate-command name="Generate Plugin" />
    <migrate-command name="Synchronize nodes" />
    <migrate-command name="Modify Application ClassLoaders" />
    <migrate-command name="Create Cluster"/>
    <migrate-command name="Create Cluster Member"/>
    <migrate-command name="Check Maximum Heap Size"/>
    <migrate-command name="Export JVMHeapSizes from Server"/>
    <migrate-command name="Import JVMHeapSizes for Cluster"/>
    <migrate-command name="Import DataSource Properties into Cluster"/>
    <migrate-command name="Export DataSource Properties from Cluster"/>
    <migrate-command name="Create JDBCProvider For Cluster"/>
    <migrate-command name="Create DataSource For Cluster"/>
  </migrate>

  <migrate to-version="17">
    <migrate-command name="Check Application is running on server or cluster" old="Check Application is running on server/cluster" />
    <migrate-command name="Wait for server or cluster" old="Wait for server server/cluster" />
    <migrate-command name="Install Application" />
    <migrate-command name="Install Or Update Application" />
    <migrate-command name="Export Application" />
    <migrate-command name="Update Application" />
    <migrate-command name="Uninstall Application" />
    <migrate-command name="Start Application" />
    <migrate-command name="Stop Application" />
    <migrate-command name="Restart Application" />
    <migrate-command name="Start Server" />
    <migrate-command name="Stop Server" />
    <migrate-command name="Restart Server" />
    <migrate-command name="Wait for Application" />
    <migrate-command name="Execute wsadmin Script" />
    <migrate-command name="Check Status" />
    <migrate-command name="Check Application is not running" />
    <migrate-command name="Generate Plugin" />
    <migrate-command name="Synchronize nodes" />
    <migrate-command name="Modify Application ClassLoaders" />
    <migrate-command name="Create Cluster"/>
    <migrate-command name="Create Cluster Member"/>
    <migrate-command name="Check Maximum Heap Size"/>
    <migrate-command name="Export JVMHeapSizes from Server"/>
    <migrate-command name="Import JVMHeapSizes for Cluster"/>
    <migrate-command name="Import DataSource Properties into Cluster"/>
    <migrate-command name="Export DataSource Properties from Cluster"/>
    <migrate-command name="Create JDBCProvider For Cluster"/>
    <migrate-command name="Create DataSource For Cluster"/>
    <migrate-command name="Create JDBCProvider"/>
    <migrate-command name="Create DataSource"/>
  </migrate>

  <migrate to-version="18">
    <migrate-command name="Check Application is running on server or cluster" old="Check Application is running on server/cluster" />
    <migrate-command name="Wait for server or cluster" old="Wait for server server/cluster" />
    <migrate-command name="Install Application" />
    <migrate-command name="Install Or Update Application" />
    <migrate-command name="Export Application" />
    <migrate-command name="Update Application" />
    <migrate-command name="Uninstall Application" />
    <migrate-command name="Start Application" />
    <migrate-command name="Stop Application" />
    <migrate-command name="Restart Application" />
    <migrate-command name="Start Server" />
    <migrate-command name="Stop Server" />
    <migrate-command name="Restart Server" />
    <migrate-command name="Wait for Application" />
    <migrate-command name="Execute wsadmin Script" />
    <migrate-command name="Check Status" />
    <migrate-command name="Check Application is not running" />
    <migrate-command name="Generate Plugin" />
    <migrate-command name="Synchronize nodes" />
    <migrate-command name="Modify Application ClassLoaders" />
    <migrate-command name="Create Cluster"/>
    <migrate-command name="Create Cluster Member"/>
    <migrate-command name="Check Maximum Heap Size"/>
    <migrate-command name="Export JVMHeapSizes from Server"/>
    <migrate-command name="Import JVMHeapSizes for Cluster"/>
    <migrate-command name="Import DataSource Properties into Cluster"/>
    <migrate-command name="Export DataSource Properties from Cluster"/>
    <migrate-command name="Create JDBCProvider For Cluster"/>
    <migrate-command name="Create DataSource For Cluster"/>
    <migrate-command name="Create JDBCProvider"/>
    <migrate-command name="Create DataSource"/>
    <migrate-command name="Check If Config Object Exists"/>
  </migrate>
  <migrate to-version="19">
    <migrate-command name="Check Application is running on server or cluster" old="Check Application is running on server/cluster" />
    <migrate-command name="Wait for server or cluster" old="Wait for server server/cluster" />
    <migrate-command name="Install Application" />
    <migrate-command name="Install Or Update Application" />
    <migrate-command name="Export Application" />
    <migrate-command name="Update Application" />
    <migrate-command name="Uninstall Application" />
    <migrate-command name="Start Application" />
    <migrate-command name="Stop Application" />
    <migrate-command name="Restart Application" />
    <migrate-command name="Start Server" />
    <migrate-command name="Stop Server" />
    <migrate-command name="Restart Server" />
    <migrate-command name="Wait for Application" />
    <migrate-command name="Execute wsadmin Script" />
    <migrate-command name="Check Status" />
    <migrate-command name="Check Application is not running" />
    <migrate-command name="Generate Plugin" />
    <migrate-command name="Synchronize nodes" />
    <migrate-command name="Modify Application ClassLoaders" />
    <migrate-command name="Create Cluster"/>
    <migrate-command name="Create Cluster Member"/>
    <migrate-command name="Check Maximum Heap Size"/>
    <migrate-command name="Export JVMHeapSizes from Server"/>
    <migrate-command name="Import JVMHeapSizes for Cluster"/>
    <migrate-command name="Import DataSource Properties into Cluster"/>
    <migrate-command name="Export DataSource Properties from Cluster"/>
    <migrate-command name="Create JDBCProvider For Cluster"/>
    <migrate-command name="Create DataSource For Cluster"/>
    <migrate-command name="Create JDBCProvider"/>
    <migrate-command name="Create DataSource"/>
    <migrate-command name="Check If Config Object Exists"/>
    <migrate-command name="Create SIBJMSQueue"/>
  </migrate>

  <migrate to-version="20">
    <migrate-command name="Check Application is running on server or cluster" old="Check Application is running on server/cluster" />
    <migrate-command name="Wait for server or cluster" old="Wait for server server/cluster" />
    <migrate-command name="Install Application" />
    <migrate-command name="Install Or Update Application" />
    <migrate-command name="Export Application" />
    <migrate-command name="Update Application" />
    <migrate-command name="Uninstall Application" />
    <migrate-command name="Start Application" />
    <migrate-command name="Stop Application" />
    <migrate-command name="Restart Application" />
    <migrate-command name="Start Server" />
    <migrate-command name="Stop Server" />
    <migrate-command name="Restart Server" />
    <migrate-command name="Wait for Application" />
    <migrate-command name="Execute wsadmin Script" />
    <migrate-command name="Check Status" />
    <migrate-command name="Check Application is not running" />
    <migrate-command name="Generate Plugin" />
    <migrate-command name="Synchronize nodes" />
    <migrate-command name="Modify Application ClassLoaders" />
    <migrate-command name="Create Cluster"/>
    <migrate-command name="Create Cluster Member"/>
    <migrate-command name="Check Maximum Heap Size"/>
    <migrate-command name="Export JVMHeapSizes from Server"/>
    <migrate-command name="Import JVMHeapSizes for Cluster"/>
    <migrate-command name="Import DataSource Properties into Cluster"/>
    <migrate-command name="Export DataSource Properties from Cluster"/>
    <migrate-command name="Create JDBCProvider For Cluster"/>
    <migrate-command name="Create DataSource For Cluster"/>
    <migrate-command name="Create JDBCProvider"/>
    <migrate-command name="Create DataSource"/>
    <migrate-command name="Check If Config Object Exists"/>
    <migrate-command name="Create SIBJMSQueue"/>
    <migrate-command name="Create SIBJMSTopic"/>
  </migrate>
  <migrate to-version="21">
    <migrate-command name="Check Application is running on server or cluster" old="Check Application is running on server/cluster" />
    <migrate-command name="Wait for server or cluster" old="Wait for server server/cluster" />
    <migrate-command name="Install Application" />
    <migrate-command name="Install Or Update Application" />
    <migrate-command name="Export Application" />
    <migrate-command name="Update Application" />
    <migrate-command name="Uninstall Application" />
    <migrate-command name="Start Application" />
    <migrate-command name="Stop Application" />
    <migrate-command name="Restart Application" />
    <migrate-command name="Start Server" />
    <migrate-command name="Stop Server" />
    <migrate-command name="Restart Server" />
    <migrate-command name="Wait for Application" />
    <migrate-command name="Execute wsadmin Script" />
    <migrate-command name="Check Status" />
    <migrate-command name="Check Application is not running" />
    <migrate-command name="Generate Plugin" />
    <migrate-command name="Synchronize nodes" />
    <migrate-command name="Modify Application ClassLoaders" />
    <migrate-command name="Create Cluster"/>
    <migrate-command name="Create Cluster Member"/>
    <migrate-command name="Check Maximum Heap Size"/>
    <migrate-command name="Export JVMHeapSizes from Server"/>
    <migrate-command name="Import JVMHeapSizes for Cluster"/>
    <migrate-command name="Import DataSource Properties into Cluster"/>
    <migrate-command name="Export DataSource Properties from Cluster"/>
    <migrate-command name="Create JDBCProvider For Cluster"/>
    <migrate-command name="Create DataSource For Cluster"/>
    <migrate-command name="Create JDBCProvider"/>
    <migrate-command name="Create DataSource"/>
    <migrate-command name="Check If Config Object Exists"/>
    <migrate-command name="Create SIBJMSQueue"/>
    <migrate-command name="Create SIBJMSTopic"/>
    <migrate-command name="Create SIBJMSConnectionFactory"/>
  </migrate>

  <migrate to-version="22">
    <migrate-command name="Check Application is running on server or cluster" old="Check Application is running on server/cluster" />
    <migrate-command name="Wait for server or cluster" old="Wait for server server/cluster" />
    <migrate-command name="Install Application" />
    <migrate-command name="Install Or Update Application" />
    <migrate-command name="Export Application" />
    <migrate-command name="Update Application" />
    <migrate-command name="Uninstall Application" />
    <migrate-command name="Start Application" />
    <migrate-command name="Stop Application" />
    <migrate-command name="Restart Application" />
    <migrate-command name="Start Server" />
    <migrate-command name="Stop Server" />
    <migrate-command name="Restart Server" />
    <migrate-command name="Wait for Application" />
    <migrate-command name="Execute wsadmin Script" />
    <migrate-command name="Check Status" />
    <migrate-command name="Check Application is not running" />
    <migrate-command name="Generate Plugin" />
    <migrate-command name="Synchronize nodes" />
    <migrate-command name="Modify Application ClassLoaders" />
    <migrate-command name="Create Cluster"/>
    <migrate-command name="Create Cluster Member"/>
    <migrate-command name="Check Maximum Heap Size"/>
    <migrate-command name="Export JVMHeapSizes from Server"/>
    <migrate-command name="Import JVMHeapSizes for Cluster"/>
    <migrate-command name="Import DataSource Properties into Cluster"/>
    <migrate-command name="Export DataSource Properties from Cluster"/>
    <migrate-command name="Create JDBCProvider For Cluster"/>
    <migrate-command name="Create DataSource For Cluster"/>
    <migrate-command name="Create JDBCProvider"/>
    <migrate-command name="Create DataSource"/>
    <migrate-command name="Check If Config Object Exists"/>
    <migrate-command name="Create SIBJMSQueue"/>
    <migrate-command name="Create SIBJMSTopic"/>
    <migrate-command name="Create SIBJMSConnectionFactory"/>
    <migrate-command name="Update Simple Attribute on Object"/>
  </migrate>

  <migrate to-version="23">
    <migrate-command name="Check Application is running on server or cluster" old="Check Application is running on server/cluster" />
    <migrate-command name="Wait for server or cluster" old="Wait for server server/cluster" />
    <migrate-command name="Install Application" />
    <migrate-command name="Install Or Update Application" />
    <migrate-command name="Export Application" />
    <migrate-command name="Update Application" />
    <migrate-command name="Uninstall Application" />
    <migrate-command name="Start Application" />
    <migrate-command name="Stop Application" />
    <migrate-command name="Restart Application" />
    <migrate-command name="Start Server" />
    <migrate-command name="Stop Server" />
    <migrate-command name="Restart Server" />
    <migrate-command name="Wait for Application" />
    <migrate-command name="Execute wsadmin Script" />
    <migrate-command name="Check Status" />
    <migrate-command name="Check Application is not running" />
    <migrate-command name="Generate Plugin" />
    <migrate-command name="Synchronize nodes" />
    <migrate-command name="Modify Application ClassLoaders" />
    <migrate-command name="Create Cluster"/>
    <migrate-command name="Create Cluster Member"/>
    <migrate-command name="Check Maximum Heap Size"/>
    <migrate-command name="Export JVMHeapSizes from Server"/>
    <migrate-command name="Import JVMHeapSizes for Cluster"/>
    <migrate-command name="Import DataSource Properties into Cluster"/>
    <migrate-command name="Export DataSource Properties from Cluster"/>
    <migrate-command name="Create JDBCProvider For Cluster"/>
    <migrate-command name="Create DataSource For Cluster"/>
    <migrate-command name="Create JDBCProvider"/>
    <migrate-command name="Create DataSource"/>
    <migrate-command name="Check If Config Object Exists"/>
    <migrate-command name="Create SIBJMSQueue"/>
    <migrate-command name="Create SIBJMSTopic"/>
    <migrate-command name="Create SIBJMSConnectionFactory"/>
    <migrate-command name="Update Simple Attribute on Object"/>
    <migrate-command name="Update J2EEResourceProperty on Object"/>
  </migrate>

  <migrate to-version="24">
    <migrate-command name="Check Application is running on server or cluster" old="Check Application is running on server/cluster" >
      <migrate-properties>
        <migrate-property name="appType" default="Application"/>
      </migrate-properties>
    </migrate-command>
    <migrate-command name="Check Application is not running" >
      <migrate-properties>
        <migrate-property name="appType" default="Application"/>
      </migrate-properties>
    </migrate-command>
    <migrate-command name="Wait for server or cluster" old="Wait for server server/cluster" />
    <migrate-command name="Install Application" />
    <migrate-command name="Install Or Update Application" />
    <migrate-command name="Export Application" />
    <migrate-command name="Update Application" />
    <migrate-command name="Uninstall Application" />
    <migrate-command name="Start Application" />
    <migrate-command name="Stop Application" />
    <migrate-command name="Restart Application" />
    <migrate-command name="Start Server" />
    <migrate-command name="Stop Server" />
    <migrate-command name="Restart Server" />
    <migrate-command name="Wait for Application" />
    <migrate-command name="Execute wsadmin Script" />
    <migrate-command name="Check Status" />
    <migrate-command name="Generate Plugin" />
    <migrate-command name="Synchronize nodes" />
    <migrate-command name="Modify Application ClassLoaders" />
    <migrate-command name="Create Cluster"/>
    <migrate-command name="Create Cluster Member"/>
    <migrate-command name="Check Maximum Heap Size"/>
    <migrate-command name="Export JVMHeapSizes from Server"/>
    <migrate-command name="Import JVMHeapSizes for Cluster"/>
    <migrate-command name="Import DataSource Properties into Cluster"/>
    <migrate-command name="Export DataSource Properties from Cluster"/>
    <migrate-command name="Create JDBCProvider For Cluster"/>
    <migrate-command name="Create DataSource For Cluster"/>
    <migrate-command name="Create JDBCProvider"/>
    <migrate-command name="Create DataSource"/>
    <migrate-command name="Check If Config Object Exists"/>
    <migrate-command name="Create SIBJMSQueue"/>
    <migrate-command name="Create SIBJMSTopic"/>
    <migrate-command name="Create SIBJMSConnectionFactory"/>
    <migrate-command name="Update Simple Attribute on Object"/>
    <migrate-command name="Update J2EEResourceProperty on Object"/>
    <migrate-command name="Check Application is Installed"/>
  </migrate>

  <migrate to-version="25">
    <migrate-command name="Check Application is running on server or cluster" old="Check Application is running on server/cluster" />
    <migrate-command name="Check Application is not running" />
    <migrate-command name="Wait for server or cluster">
      <migrate-properties>
        <migrate-property name="timeout" default="300"/>
      </migrate-properties>
    </migrate-command>
    <migrate-command name="Install Application" />
    <migrate-command name="Install Or Update Application" />
    <migrate-command name="Export Application" />
    <migrate-command name="Update Application" />
    <migrate-command name="Uninstall Application" />
    <migrate-command name="Start Application" />
    <migrate-command name="Stop Application" />
    <migrate-command name="Restart Application" />
    <migrate-command name="Start Server" />
    <migrate-command name="Stop Server" />
    <migrate-command name="Restart Server" />
    <migrate-command name="Wait for Application">
      <migrate-properties>
        <migrate-property name="timeout" default="300"/>
      </migrate-properties>
    </migrate-command>
    <migrate-command name="Execute wsadmin Script" />
    <migrate-command name="Check Status" />
    <migrate-command name="Generate Plugin" />
    <migrate-command name="Synchronize nodes" />
    <migrate-command name="Modify Application ClassLoaders" />
    <migrate-command name="Create Cluster"/>
    <migrate-command name="Create Cluster Member"/>
    <migrate-command name="Check Maximum Heap Size"/>
    <migrate-command name="Export JVMHeapSizes from Server"/>
    <migrate-command name="Import JVMHeapSizes for Cluster"/>
    <migrate-command name="Import DataSource Properties into Cluster"/>
    <migrate-command name="Export DataSource Properties from Cluster"/>
    <migrate-command name="Create JDBCProvider For Cluster"/>
    <migrate-command name="Create DataSource For Cluster"/>
    <migrate-command name="Create JDBCProvider"/>
    <migrate-command name="Create DataSource"/>
    <migrate-command name="Check If Config Object Exists"/>
    <migrate-command name="Create SIBJMSQueue"/>
    <migrate-command name="Create SIBJMSTopic"/>
    <migrate-command name="Create SIBJMSConnectionFactory"/>
    <migrate-command name="Update Simple Attribute on Object"/>
    <migrate-command name="Update J2EEResourceProperty on Object"/>
    <migrate-command name="Check Application is Installed"/>
  </migrate>
  <migrate to-version="26">
    <migrate-command name="Check Application is running on server or cluster" old="Check Application is running on server/cluster" />
    <migrate-command name="Check Application is not running" />
    <migrate-command name="Wait for server or cluster"/>
    <migrate-command name="Install Application" />
    <migrate-command name="Install Or Update Application" />
    <migrate-command name="Export Application" />
    <migrate-command name="Update Application" />
    <migrate-command name="Uninstall Application" />
    <migrate-command name="Start Application" />
    <migrate-command name="Stop Application" />
    <migrate-command name="Restart Application" />
    <migrate-command name="Start Server" />
    <migrate-command name="Stop Server" />
    <migrate-command name="Restart Server" />
    <migrate-command name="Wait for Application"/>
    <migrate-command name="Execute wsadmin Script" />
    <migrate-command name="Check Status" />
    <migrate-command name="Generate Plugin" />
    <migrate-command name="Synchronize nodes" />
    <migrate-command name="Modify Application ClassLoaders" />
    <migrate-command name="Create Cluster"/>
    <migrate-command name="Create Cluster Member"/>
    <migrate-command name="Check Maximum Heap Size"/>
    <migrate-command name="Export JVMHeapSizes from Server"/>
    <migrate-command name="Import JVMHeapSizes for Cluster"/>
    <migrate-command name="Import DataSource Properties into Cluster"/>
    <migrate-command name="Export DataSource Properties from Cluster"/>
    <migrate-command name="Create JDBCProvider For Cluster"/>
    <migrate-command name="Create DataSource For Cluster"/>
    <migrate-command name="Create JDBCProvider"/>
    <migrate-command name="Create DataSource">
      <migrate-properties>
        <migrate-property name="resourceProperties" default="databaseName|java.lang.String|${p:dbName}"/>
      </migrate-properties>
    </migrate-command>
    <migrate-command name="Check If Config Object Exists"/>
    <migrate-command name="Create SIBJMSQueue"/>
    <migrate-command name="Create SIBJMSTopic"/>
    <migrate-command name="Create SIBJMSConnectionFactory"/>
    <migrate-command name="Update Simple Attribute on Object"/>
    <migrate-command name="Update J2EEResourceProperty on Object"/>
    <migrate-command name="Check Application is Installed"/>
  </migrate>
  <migrate to-version="27">
    <migrate-command name="Check Application is running on server or cluster" old="Check Application is running on server/cluster" />
    <migrate-command name="Check Application is not running" />
    <migrate-command name="Wait for server or cluster"/>
    <migrate-command name="Install Application" />
    <migrate-command name="Install Or Update Application" />
    <migrate-command name="Export Application" />
    <migrate-command name="Update Application" />
    <migrate-command name="Uninstall Application" />
    <migrate-command name="Start Application" />
    <migrate-command name="Stop Application" />
    <migrate-command name="Restart Application" />
    <migrate-command name="Start Server" />
    <migrate-command name="Stop Server" />
    <migrate-command name="Restart Server" />
    <migrate-command name="Wait for Application"/>
    <migrate-command name="Execute wsadmin Script" />
    <migrate-command name="Check Status" />
    <migrate-command name="Generate Plugin" />
    <migrate-command name="Synchronize nodes" />
    <migrate-command name="Modify Application ClassLoaders" />
    <migrate-command name="Create Cluster"/>
    <migrate-command name="Create Cluster Member"/>
    <migrate-command name="Check Maximum Heap Size"/>
    <migrate-command name="Export JVMHeapSizes from Server"/>
    <migrate-command name="Import JVMHeapSizes for Cluster"/>
    <migrate-command name="Import DataSource Properties into Cluster"/>
    <migrate-command name="Export DataSource Properties from Cluster"/>
    <migrate-command name="Create JDBCProvider For Cluster"/>
    <migrate-command name="Create DataSource For Cluster"/>
    <migrate-command name="Create JDBCProvider"/>
    <migrate-command name="Create DataSource"/>
    <migrate-command name="Check If Config Object Exists"/>
    <migrate-command name="Create SIBJMSQueue"/>
    <migrate-command name="Create SIBJMSTopic"/>
    <migrate-command name="Create SIBJMSConnectionFactory"/>
    <migrate-command name="Update Simple Attribute on Object"/>
    <migrate-command name="Update J2EEResourceProperty on Object"/>
    <migrate-command name="Check Application is Installed"/>
  </migrate>

  <migrate to-version="28">
    <migrate-command name="Check Application is running on server or cluster" old="Check Application is running on server/cluster" />
    <migrate-command name="Check Application is not running" />
    <migrate-command name="Wait for server or cluster"/>
    <migrate-command name="Install Application" />
    <migrate-command name="Install Or Update Application" />
    <migrate-command name="Export Application" />
    <migrate-command name="Update Application" />
    <migrate-command name="Uninstall Application" />
    <migrate-command name="Start Application" />
    <migrate-command name="Stop Application" />
    <migrate-command name="Restart Application" />
    <migrate-command name="Start Server" />
    <migrate-command name="Stop Server">
      <migrate-properties>
       <migrate-property name="immediate" default="false"/>
      </migrate-properties>
    </migrate-command>
    <migrate-command name="Restart Server" />
    <migrate-command name="Wait for Application"/>
    <migrate-command name="Execute wsadmin Script" />
    <migrate-command name="Check Status" />
    <migrate-command name="Generate Plugin" />
    <migrate-command name="Synchronize nodes" />
    <migrate-command name="Modify Application ClassLoaders" />
    <migrate-command name="Create Cluster"/>
    <migrate-command name="Create Cluster Member"/>
    <migrate-command name="Check Maximum Heap Size"/>
    <migrate-command name="Export JVMHeapSizes from Server"/>
    <migrate-command name="Import JVMHeapSizes for Cluster"/>
    <migrate-command name="Import DataSource Properties into Cluster"/>
    <migrate-command name="Export DataSource Properties from Cluster"/>
    <migrate-command name="Create JDBCProvider For Cluster"/>
    <migrate-command name="Create DataSource For Cluster"/>
    <migrate-command name="Create JDBCProvider"/>
    <migrate-command name="Create DataSource"/>
    <migrate-command name="Check If Config Object Exists"/>
    <migrate-command name="Create SIBJMSQueue"/>
    <migrate-command name="Create SIBJMSTopic"/>
    <migrate-command name="Create SIBJMSConnectionFactory"/>
    <migrate-command name="Update Simple Attribute on Object"/>
    <migrate-command name="Update J2EEResourceProperty on Object"/>
    <migrate-command name="Check Application is Installed"/>
    <migrate-command name="Wait for server or cluster to stop"/>
  </migrate>
  <migrate to-version="29">
    <migrate-command name="Check Application is running on server or cluster" old="Check Application is running on server/cluster" />
    <migrate-command name="Check Application is not running" />
    <migrate-command name="Wait for server or cluster"/>
    <migrate-command name="Install Application" />
    <migrate-command name="Install Or Update Application" />
    <migrate-command name="Export Application" />
    <migrate-command name="Update Application" />
    <migrate-command name="Uninstall Application" />
    <migrate-command name="Start Application" />
    <migrate-command name="Stop Application" />
    <migrate-command name="Restart Application" />
    <migrate-command name="Start Server" />
    <migrate-command name="Stop Server"/>
    <migrate-command name="Restart Server" />
    <migrate-command name="Wait for Application"/>
    <migrate-command name="Execute wsadmin Script" />
    <migrate-command name="Check Status" />
    <migrate-command name="Generate Plugin" />
    <migrate-command name="Synchronize nodes" />
    <migrate-command name="Modify Application ClassLoaders" />
    <migrate-command name="Create Cluster"/>
    <migrate-command name="Create Cluster Member"/>
    <migrate-command name="Check Maximum Heap Size"/>
    <migrate-command name="Export JVMHeapSizes from Server"/>
    <migrate-command name="Import JVMHeapSizes for Cluster"/>
    <migrate-command name="Import DataSource Properties into Cluster"/>
    <migrate-command name="Export DataSource Properties from Cluster"/>
    <migrate-command name="Create JDBCProvider For Cluster"/>
    <migrate-command name="Create DataSource For Cluster"/>
    <migrate-command name="Create JDBCProvider"/>
    <migrate-command name="Create DataSource"/>
    <migrate-command name="Check If Config Object Exists"/>
    <migrate-command name="Create SIBJMSQueue"/>
    <migrate-command name="Create SIBJMSTopic"/>
    <migrate-command name="Create SIBJMSConnectionFactory"/>
    <migrate-command name="Update Simple Attribute on Object"/>
    <migrate-command name="Update J2EEResourceProperty on Object"/>
    <migrate-command name="Check Application is Installed"/>
    <migrate-command name="Wait for server or cluster to stop"/>
  </migrate>

  <migrate to-version="30">
    <migrate-command name="Check Application is running on server or cluster" old="Check Application is running on server/cluster" />
    <migrate-command name="Check Application is not running" />
    <migrate-command name="Wait for server or cluster">
      <migrate-properties>
       <migrate-property name="interval" default="10"/>
      </migrate-properties>
    </migrate-command>
    <migrate-command name="Wait for server or cluster to stop">
      <migrate-properties>
       <migrate-property name="interval" default="10"/>
      </migrate-properties>
    </migrate-command>
    <migrate-command name="Install Application" />
    <migrate-command name="Install Or Update Application" />
    <migrate-command name="Export Application" />
    <migrate-command name="Update Application" />
    <migrate-command name="Uninstall Application" />
    <migrate-command name="Start Application" />
    <migrate-command name="Stop Application" />
    <migrate-command name="Restart Application" />
    <migrate-command name="Start Server" />
    <migrate-command name="Stop Server"/>
    <migrate-command name="Restart Server" />
    <migrate-command name="Wait for Application">
      <migrate-properties>
       <migrate-property name="interval" default="10"/>
      </migrate-properties>
    </migrate-command>
    <migrate-command name="Execute wsadmin Script" />
    <migrate-command name="Check Status" />
    <migrate-command name="Generate Plugin" />
    <migrate-command name="Synchronize nodes" />
    <migrate-command name="Modify Application ClassLoaders" />
    <migrate-command name="Create Cluster"/>
    <migrate-command name="Create Cluster Member"/>
    <migrate-command name="Check Maximum Heap Size"/>
    <migrate-command name="Export JVMHeapSizes from Server"/>
    <migrate-command name="Import JVMHeapSizes for Cluster"/>
    <migrate-command name="Import DataSource Properties into Cluster"/>
    <migrate-command name="Export DataSource Properties from Cluster"/>
    <migrate-command name="Create JDBCProvider For Cluster"/>
    <migrate-command name="Create DataSource For Cluster"/>
    <migrate-command name="Create JDBCProvider"/>
    <migrate-command name="Create DataSource"/>
    <migrate-command name="Check If Config Object Exists"/>
    <migrate-command name="Create SIBJMSQueue"/>
    <migrate-command name="Create SIBJMSTopic"/>
    <migrate-command name="Create SIBJMSConnectionFactory"/>
    <migrate-command name="Update Simple Attribute on Object"/>
    <migrate-command name="Update J2EEResourceProperty on Object"/>
    <migrate-command name="Check Application is Installed"/>
    <migrate-command name="Terminate Server or Cluster"/>
  </migrate>
  <migrate to-version="31">
    <migrate-command name="Check Application is running on server or cluster" old="Check Application is running on server/cluster" />
    <migrate-command name="Check Application is not running" />
    <migrate-command name="Wait for server or cluster"/>
    <migrate-command name="Wait for server or cluster to stop"/>
    <migrate-command name="Install Application" />
    <migrate-command name="Install Or Update Application" />
    <migrate-command name="Export Application" />
    <migrate-command name="Update Application" />
    <migrate-command name="Uninstall Application" />
    <migrate-command name="Start Application" />
    <migrate-command name="Stop Application" />
    <migrate-command name="Restart Application" />
    <migrate-command name="Start Server" />
    <migrate-command name="Stop Server"/>
    <migrate-command name="Restart Server" />
    <migrate-command name="Wait for Application"/>
    <migrate-command name="Execute wsadmin Script" />
    <migrate-command name="Check Status" />
    <migrate-command name="Generate Plugin" />
    <migrate-command name="Synchronize nodes" />
    <migrate-command name="Modify Application ClassLoaders" />
    <migrate-command name="Create Cluster"/>
    <migrate-command name="Create Cluster Member"/>
    <migrate-command name="Check Maximum Heap Size"/>
    <migrate-command name="Export JVMHeapSizes from Server"/>
    <migrate-command name="Import JVMHeapSizes for Cluster"/>
    <migrate-command name="Import DataSource Properties into Cluster"/>
    <migrate-command name="Export DataSource Properties from Cluster"/>
    <migrate-command name="Create JDBCProvider For Cluster"/>
    <migrate-command name="Create DataSource For Cluster"/>
    <migrate-command name="Create JDBCProvider"/>
    <migrate-command name="Create DataSource"/>
    <migrate-command name="Check If Config Object Exists"/>
    <migrate-command name="Create SIBJMSQueue"/>
    <migrate-command name="Create SIBJMSTopic"/>
    <migrate-command name="Create SIBJMSConnectionFactory"/>
    <migrate-command name="Update Simple Attribute on Object"/>
    <migrate-command name="Update J2EEResourceProperty on Object"/>
    <migrate-command name="Check Application is Installed"/>
    <migrate-command name="Terminate Server or Cluster"/>
  </migrate>
</plugin-upgrade>
